"index","country","country_id","year","water_related_adaptation_tech","trade","days_to_register_property","gdp_per_capita","employers","gross_enrolment_ratio","water_stress_index"
"0","Algeria","1","1990","0","48.3807136816","","10300.0150420056","","92.59344",""
"1","Algeria","1","2000","0","62.8637951106","","10257.741569271","6.9930000305","105.16491","0.3026601802"
"2","Algeria","1","2005","0","71.2774398307","74","12370.8920050248","5.2389998436","107.5861","0.3196116495"
"3","Algeria","1","2010","0","69.8675717598","55","12919.4910536141","3.6989998817","115.33758","0.3426184024"
"4","Algeria","1","2011","0","67.4734554827","55","13046.1285113709","3.4379999638","116.56791","0.3473534616"
"5","Algeria","1","2012","0","65.4038581361","55","13229.0087109151","3.7590000629","118.07959","0.3520885208"
"6","Algeria","1","2013","0.5","63.6110260153","55","13329.7707580155","4.1059999466","119.53932","0.352988615"
"7","Algeria","1","2014","0","62.1458629596","55","13557.7697574639","4.2300000191","118.50281","0.3540957485"
"8","Algeria","1","2015","1","59.6950803585","55","13774.758920347","4.3569998741","115.87784","0.3549958427"
"9","Algeria","1","2016","0","55.9256615947","55","13926.9104885426","4.4869999886","113.8302","0.3549958427"
"10","Angola","2","1990","0","","","4761.2296379936","","73.03959",""
"11","Angola","2","2000","0","152.5471094549","","3892.3169253943","4.3000001907","","0.3911087492"
"12","Angola","2","2005","0.33","106.5909621295","335","5112.5892016657","4.1589999199","","0.3821927357"
"13","Angola","2","2010","0","104.1236299591","190","6360.4419378281","4.1789999008","105.78104","0.3828866064"
"14","Angola","2","2011","0","99.9825078538","190","6346.3951224502","4.1849999428","119.53014","0.3823618348"
"15","Angola","2","2012","0","91.8000986065","190","6645.0856246535","4.1729998589","","0.3820441025"
"16","Angola","2","2013","0","86.8119307834","190","6730.9458220113","4.1719999313","","0.3815193309"
"17","Angola","2","2014","0","79.3329275093","190","6813.0521058934","4.1710000038","","0.3809945593"
"18","Angola","2","2015","0","62.8885207851","190","6644.8572550581","4.1810002327","113.47796","0.3804697876"
"19","Angola","2","2016","0","53.3701552785","190","6258.3766275594","4.2039999962","","0.3804697876"
"20","Benin","3","1990","0","45.7201821451","","1462.6774210793","","51.25493",""
"21","Benin","3","2000","0","55.9916903564","","1666.467463531","1.2400000095","82.52927","0.4417646055"
"22","Benin","3","2005","0","45.8165601073","120","1735.9741501499","1.25","100.83883","0.4328802892"
"23","Benin","3","2010","0","56.6399410521","120","1818.7784607591","1.25","120.15201","0.424200739"
"24","Benin","3","2011","0","50.6668303862","120","1820.8893040888","1.2519999743","122.72604","0.4225454185"
"25","Benin","3","2012","0","54.7516983254","120","1855.9363314833","1.2539999485","127.21515","0.4206830586"
"26","Benin","3","2013","","63.8936018214","120","1934.6226149589","1.2610000372","128.7361","0.419027738"
"27","Benin","3","2014","","74.1768559225","120","2001.0520003907","1.2660000324","129.59567","0.4173724175"
"28","Benin","3","2015","","58.7978847751","120","1987.1419196311","1.2730000019","132.46685","0.4171663723"
"29","Benin","3","2016","","61.0906566523","120","2009.6610193175","1.2790000439","130.90229","0.4171663723"
"30","Botswana","4","1990","0","104.8473203967","","8501.7196385148","","111.03426",""
"31","Botswana","4","2000","0","91.9247296899","","10718.1650867188","2.0320000648","110.42842","0.3053921263"
"32","Botswana","4","2005","0","88.5053520574","11","11696.6015068047","2.3459999561","111.14859","0.304884897"
"33","Botswana","4","2010","0","94.8997963219","12","13235.1642703252","2.6270000935","","0.3045184135"
"34","Botswana","4","2011","0.5","103.5455787654","12","13838.6028216807","2.6240000725","","0.3044059868"
"35","Botswana","4","2012","0","110.6548963188","12","14284.1185822187","2.6210000515","105.08085","0.30429356"
"36","Botswana","4","2013","0","122.5535586641","12","15727.187060045","2.625","105.00144","0.3041811332"
"37","Botswana","4","2014","0","114.6620149071","12","16175.2394459843","2.6229999065","103.71764","0.3042757457"
"38","Botswana","4","2015","0","107.5243913209","12","15659.8968068401","2.614000082","103.23839","0.3043703583"
"39","Botswana","4","2016","0","92.9247236803","12","16037.2089568421","2.611000061","","0.3043703583"
"40","Burkina Faso","5","1990","0","35.4226504402","","844.3421675768","","32.5255",""
"41","Burkina Faso","5","2000","0","34.512382497","","1075.3953370333","0.7799999714","45.01737","0.4374671591"
"42","Burkina Faso","5","2005","0","35.5357195535","182","1266.3615372795","0.8080000281","58.32719","0.4224058644"
"43","Burkina Faso","5","2010","0","48.8668309061","67","1423.377705982","0.7400000095","78.01417","0.4053089707"
"44","Burkina Faso","5","2011","0","58.1539870388","67","1472.7158413796","0.726000011","81.59491","0.4017925996"
"45","Burkina Faso","5","2012","0","62.6790476334","67","1521.4515403999","0.6999999881","84.09261","0.3984832679"
"46","Burkina Faso","5","2013","","50.1396083107","67","1562.2999492186","0.6710000038","85.7184","0.3982795262"
"47","Burkina Faso","5","2014","","46.6250086362","67","1582.3300976008","0.65200001","87.33791","0.3980757845"
"48","Burkina Faso","5","2015","","62.3343770669","67","1596.3345805165","0.6549999714","88.36616","0.3978720429"
"49","Burkina Faso","5","2016","","66.4257084965","67","1642.0391957597","0.6610000134","91.11084","0.3978720429"
"50","Burundi","6","1990","0","35.6481395517","","1027.3966599843","","68.61555",""
"51","Burundi","6","2000","0","22.553724489","","717.9730215351","0.0729999989","58.00494","0.2079910911"
"52","Burundi","6","2005","0","35.1","104","692.5698189125","0.0729999989","80.97311","0.204264383"
"53","Burundi","6","2010","0","39.5000053977","94","733.7277228153","0.0719999969","137.17011","0.2007861222"
"54","Burundi","6","2011","0","43.0000028373","94","739.2192549739","0.0719999969","140.82891","0.2000407806"
"55","Burundi","6","2012","0","43.6999890071","64","748.0755205827","0.0719999969","139.17042","0.1992954389"
"56","Burundi","6","2013","","46.6000131148","26","760.6990696421","0.0719999969","136.63232","0.1987985445"
"57","Burundi","6","2014","","41.7576921763","23","768.4698369277","0.0719999969","134.29949","0.1980532029"
"58","Burundi","6","2015","","32.5419541362","23","715.5498861425","0.0719999969","130.90342","0.1978047557"
"59","Burundi","6","2016","","31.7442237765","23","689.01489167","0.0719999969","128.04206","0.1978047557"
"60","Cabo Verde","7","1990","0","85.9515840306","","1676.190288319","","126.17496",""
"61","Cabo Verde","7","2000","0","87.5206083615","","3896.9606278905","2.8010001183","120.12322","0.2737297237"
"62","Cabo Verde","7","2005","1","104.3438398571","83","4759.1326112454","3.0729999542","114.22731","0.2737297237"
"63","Cabo Verde","7","2010","0","94.4383459973","73","5943.3503472368","3.3540000916","111.11215","0.2737297237"
"64","Cabo Verde","7","2011","0","99.8491499689","31","6102.4121635351","3.4189999104","109.01763","0.2737297237"
"65","Cabo Verde","7","2012","0","100.2771418358","31","6090.5537980014","3.4579999447","107.90758","0.2737297237"
"66","Cabo Verde","7","2013","0","95.3390887796","22","6061.3120566971","3.5199999809","108.19293","0.2737297237"
"67","Cabo Verde","7","2014","0","101.0464397474","22","6021.6283629113","3.5910000801","107.42931","0.2737297237"
"68","Cabo Verde","7","2015","0","104.0660889813","22","6007.2182902507","3.6449999809","105.49684","0.2737297237"
"69","Cabo Verde","7","2016","0","104.1918617279","22","6214.0802340749","3.6570000648","103.90747","0.2737297237"
"70","Cameroon","8","1990","0","37.4964454411","","3003.8588174412","","98.87776",""
"71","Cameroon","8","2000","0","50.8528689658","","2563.53987243","1.9650000334","85.20452","0.3527183272"
"72","Cameroon","8","2005","0","50.9685648032","93","2779.316049636","2.1300001144","103.44945","0.3463349543"
"73","Cameroon","8","2010","0.5","49.1238553054","93","2876.4291052064","2.6830000877","108.13266","0.3393807783"
"74","Cameroon","8","2011","0","56.9362989131","93","2914.2376674035","2.7809998989","107.22814","0.3377169844"
"75","Cameroon","8","2012","0","56.3871141596","93","2964.5535398398","2.8880000114","111.66619","0.3360531904"
"76","Cameroon","8","2013","0","55.6054771583","86","3040.9711523359","2.9839999676","","0.3343893964"
"77","Cameroon","8","2014","0","55.0647944776","86","3134.0807042859","3.0829999447","113.27903","0.3341748779"
"78","Cameroon","8","2015","0","49.8692069982","86","3223.5827301615","3.0729999542","116.21044","0.3341673986"
"79","Eritrea","17","1990","0","","","","","32.15279",""
"80","Cameroon","8","2016","0","43.2045179184","86","3284.863823566","3.0720000267","116.1173","0.3341673986"
"81","CAR","9","1990","0","42.9429835184","","982.6597930443","","72.77173",""
"82","CAR","9","2000","0","45.6597819937","","850.533326019","1.1119999886","","0.2432826862"
"83","CAR","9","2005","0","35.0709368656","75","839.7483783211","1.1150000095","63.89601","0.2375807541"
"84","CAR","9","2010","0","34.4304819543","75","982.3933255121","1.1210000515","87.33161","0.2316180212"
"85","CAR","9","2011","0","34.4756183327","75","1016.2185519225","1.118999958","87.6729","0.2303757851"
"86","CAR","9","2012","0","33.0594485943","75","1063.2974851914","1.1169999838","87.80936","0.2291335491"
"87","CAR","9","2013","","38.3992875721","75","674.5897422118","1.1339999437","","0.2288851019"
"88","CAR","9","2014","","53.095092018","75","672.6816482752","1.1670000553","","0.2286366547"
"89","CAR","9","2015","","53.145147777","75","697.3274947861","1.1629999876","","0.2283882075"
"90","CAR","9","2016","","50.5306440219","75","723.2866499144","1.1590000391","102.0189","0.2283882075"
"91","Chad","10","1990","0","41.3870234428","","1109.2475166695","","49.45624",""
"92","Chad","10","2000","0","51.5711720136","","991.6264635223","0.2119999975","63.6706","0.4544693362"
"93","Chad","10","2005","0","85.8467450269","44","1788.1449946061","0.2280000001","71.61457","0.4484462672"
"94","Chad","10","2010","0","80.3907092891","44","1914.7358478332","0.2329999954","81.91848","0.4422350871"
"95","Chad","10","2011","0","80.6810748936","44","1852.9381558883","0.2360000014","88.64548","0.440992851"
"96","Chad","10","2012","0","80.5756196842","44","1950.6542205937","0.2399999946","92.89533","0.439750615"
"97","Chad","10","2013","0","72.6489157572","44","1993.8943410421","0.2339999974","100.13275","0.4395021678"
"98","Chad","10","2014","0","76.6265231669","44","2062.3450691793","0.2349999994","101.58483","0.4395021678"
"99","Chad","10","2015","0","66.5641643497","44","2052.2236152887","0.2339999974","91.58313","0.4395021678"
"100","Chad","10","2016","0","63.2969251337","44","1864.3021883491","0.2290000021","86.84687","0.4395021678"
"101","Comoros","11","1990","0","35.7570317175","","2580.5005546483","","99.05364",""
"102","Comoros","11","2000","0","35.7574785468","","2388.5119950114","4.9749999046","103.19","0.1151598075"
"103","Comoros","11","2005","0","35.757409334","30","2373.4208148028","4.9739999771","","0.1151598075"
"104","Comoros","11","2010","0","39.5501369652","30","2426.1824962098","4.9730000496","","0.1151598075"
"105","Comoros","11","2011","0","40.0009955862","30","2465.324918345","4.9710001945","108.02465","0.1151598075"
"106","Comoros","11","2012","0","40.8104189375","30","2483.4099241199","4.9600000381","","0.1151598075"
"107","Comoros","11","2013","","39.243295274","30","2533.4437975794","4.9699997902","107.03179","0.1151598075"
"108","Comoros","11","2014","","39.2358231954","30","2525.7261093473","4.9609999657","104.97489","0.1151598075"
"109","Comoros","11","2015","","37.8049520715","30","2494.6732426647","4.9549999237","","0.1151598075"
"110","Comoros","11","2016","","37.1328797158","30","2518.6537137009","4.9660000801","","0.1151598075"
"111","Congo","12","1990","0","70.8193543307","","5323.022707231","","124.01422",""
"112","Congo","12","2000","0","123.9098844057","","4620.9894788906","1.1139999628","86.47666","0.4574865218"
"113","Congo","12","2005","0","138.6635673062","75","4867.9226581734","1.1150000095","108.52121","0.4523238701"
"114","Congo","12","2010","0","139.8175990256","54","5323.428727519","1.1469999552","109.1602","0.4469534363"
"115","Congo","12","2011","0","145.1187792486","54","5353.8042963066","1.1449999809","109.23187","0.4459194281"
"116","Congo","12","2012","0","144.1044148365","54","5415.113717193","1.1410000324","106.64006","0.4448854199"
"117","Congo","12","2013","0","142.6044414019","54","5465.0384451386","1.1230000257","","0.4438514118"
"118","Congo","12","2014","0","143.2393832518","54","5694.8624207709","1.1169999838","","0.4428174036"
"119","Congo","12","2015","0","165.6458629478","54","5702.1829761714","1.0759999752","","0.4424045134"
"120","Congo","12","2016","0","152.1423457897","54","5403.5360084566","1.0579999685","","0.4424045134"
"121","Cote d'Ivoire","13","1990","0","58.8014956103","","3285.5889411636","","71.7442",""
"122","Cote d'Ivoire","13","2000","0","74.6378042391","","2989.1467200384","0.9480000138","73.91165","0.2777167217"
"123","Cote d'Ivoire","13","2005","0","93.9226377104","389","2679.7873860311","0.9309999943","","0.2829591458"
"124","Cote d'Ivoire","13","2010","0","93.9594342201","51","2673.0130825813","0.9240000248","","0.2880246403"
"125","Cote d'Ivoire","13","2011","0","91.1548311894","51","2495.4951245667","0.9219999909","79.69289","0.2885879641"
"126","Cote d'Ivoire","13","2012","0","93.6744757762","51","2696.1916388268","0.9380000234","82.73464","0.2889442485"
"127","Cote d'Ivoire","13","2013","","80.1268296365","39","2864.0486273773","0.8709999919","83.99138","0.289300533"
"128","Cote d'Ivoire","13","2014","","73.645248214","30","3038.8448270952","1.1529999971","86.80014","0.2896568174"
"129","Cote d'Ivoire","13","2015","","71.9648778454","30","3225.1888592199","1.5099999905","90.65904","0.2904271805"
"130","Cote d'Ivoire","13","2016","","63.7483776166","30","3395.0889323301","1.9780000448","95.88669","0.2904271805"
"131","Djibouti","14","1990","0","","","","","33.29796",""
"132","Djibouti","14","2000","0","","","","2.2980000973","32.49772","0.06155512"
"133","Djibouti","14","2005","0","","54","","2.2850000858","43.61315","0.0531079151"
"134","Djibouti","14","2010","0","","45","","2.3139998913","","0.0444122629"
"135","Djibouti","14","2011","0","","45","2744.2686545121","2.3159999847","66.50891","0.0426731325"
"136","Djibouti","14","2012","0","","45","","2.3180000782","69.41965","0.0426731325"
"137","Djibouti","14","2013","","376.2240897062","45","","2.3399999142","69.42004","0.0426731325"
"138","Djibouti","14","2014","","319.7906253818","45","","2.3469998837","70.98679","0.0424246853"
"139","Djibouti","14","2015","","280.1204469499","45","","2.3510000706","70.13204","0.0424246853"
"140","Djibouti","14","2016","","224.4621190843","45","","2.3440001011","69.38296","0.0424246853"
"141","Egypt","15","1990","0","52.9227557411","","5897.8688974936","","91.01533",""
"142","Egypt","15","2000","0","39.0179359012","","7504.4625311162","17.1229991913","93.82132","0.4106026679"
"143","Egypt","15","2005","5","62.9526462396","195","8136.5446310328","14.704000473","95.70667","0.416132896"
"144","Egypt","15","2010","0","47.9363500746","89","10019.3097059591","14.7440004349","102.28534","0.4229923914"
"145","Egypt","15","2011","2","45.2556341624","89","9982.8457016647","15.7100000381","99.18449","0.4230750031"
"146","Egypt","15","2012","4.33","40.7117692721","89","9981.5519611199","15.6829996109","104.77974","0.4233646542"
"147","Egypt","15","2013","2","40.3730380563","79","9970.9757655792","12.5590000153","105.09443","0.423447266"
"148","Egypt","15","2014","0.25","36.9201877934","76","10032.4820516833","13.7159996033","103.87154","0.4239439564"
"149","Egypt","15","2015","5.5","34.84594296","76","10242.5343552391","11.9469995499","104.63256","0.4242336075"
"150","Egypt","15","2016","1","30.2465490515","76","10460.906417732","10.4099998474","105.39358","0.4242336075"
"151","Equitorial Guinea","16","1990","0","","","1017.7641358229","","",""
"152","Equitorial Guinea","16","2000","0","","","10937.6970387747","7.8400001526","103.11262","0.24560002"
"153","Equitorial Guinea","16","2005","0","131.0244718132","23","31697.8014713925","8.7539997101","90.01092","0.24560002"
"154","Equitorial Guinea","16","2010","0","144.6682250012","23","33990.1467708637","9.0920000076","69.38205","0.2451031256"
"155","Equitorial Guinea","16","2011","0","114.3773466354","23","34622.1162657965","9.1470003128","67.9409","0.2448546784"
"156","Equitorial Guinea","16","2012","0","116.6754224724","23","35887.8163024139","9.220000267","69.14431","0.2446062312"
"157","Equitorial Guinea","16","2013","","106.8932849261","23","32959.1080995665","9.1260004044","","0.2446062312"
"158","Equitorial Guinea","16","2014","","104.3791986714","23","31743.4107479562","9.0900001526","","0.244357784"
"159","Equitorial Guinea","16","2015","","98.8780591681","23","27708.638181831","8.9530000687","61.77515","0.2441093368"
"160","Equitorial Guinea","16","2016","","92.6007307238","23","24296.6035798435","8.8389997482","","0.2441093368"
"161","Eritrea","17","2000","0","67.8813619265","","2485.1563185679","0.4650000036","80.25584","0.4727238175"
"162","Eritrea","17","2005","0","61.1060310218","78","2287.1509756489","0.474999994","112.46723","0.4725904681"
"163","Eritrea","17","2010","0","28.1343228729","78","1961.5717136747","0.4860000014","83.67567","0.4670393067"
"164","Eritrea","17","2011","0","37.5299147005","78","2102.9540598035","0.4950000048","86.23454","0.4658016058"
"165","Eritrea","17","2012","0","","78","","0.4850000143","87.27343","0.4647709442"
"166","Eritrea","17","2013","","","78","","0.4819999933","92.24737","0.46456844"
"167","Eritrea","17","2014","","","78","","0.503000021","79.85055","0.4643659359"
"168","Eritrea","17","2015","","","78","","0.4799999893","76.161","0.4641634317"
"169","Eritrea","17","2016","","","78","","0.4939999878","76.161","0.4641634317"
"170","Eswatini","18","1990","0","127.9017824559","","5632.8981405773","","91.63648",""
"171","Eswatini","18","2000","0","156.4020242946","","6164.6894818764","1.5900000334","106.3866",""
"172","Eswatini","18","2005","0","124.5380348281","44","7238.5586275622","1.7760000229","111.77379",""
"173","Eswatini","18","2010","0","106.6674403715","42","8242.1596221151","1.9579999447","124.90719",""
"174","Eswatini","18","2011","0","80.7613069294","21","8370.819097229","1.9930000305","124.49223",""
"175","Eswatini","18","2012","0","79.6648175021","21","8762.805189546","2.0450000763","123.65051",""
"176","Eswatini","18","2013","","86.7980700391","21","9038.0160675883","2.0750000477","121.94038",""
"177","Eswatini","18","2014","","88.3542733374","21","9052.4021290192","2.1129999161","120.72312",""
"178","Eswatini","18","2015","","83.7974392606","21","9186.0426054164","2.1579999924","119.21538",""
"179","Eswatini","18","2016","","86.0930227059","21","9219.5428785681","2.1949999332","116.79501",""
"180","Ethiopia","19","1990","0","","","654.6575572165","","35.25617",""
"181","Ethiopia","19","2000","0","","","621.1598171239","0.90200001","54.71842","0.5102016494"
"182","Ethiopia","19","2005","0","","54","736.0331961192","0.7120000124","79.05261","0.495117415"
"183","Ethiopia","19","2010","0","","52","1074.594613034","0.5649999976","91.65653","0.4712325547"
"184","Ethiopia","19","2011","0","48.2329354117","52","1161.5814339769","0.5419999957","94.27972","0.4662979472"
"185","Ethiopia","19","2012","0","45.3979041835","52","1226.8226168713","0.5189999938","94.26506","0.4613633397"
"186","Ethiopia","19","2013","","41.4717870808","52","1318.8326488825","0.5009999871","","0.4564287321"
"187","Ethiopia","19","2014","","40.7410841499","52","1413.962517788","0.5120000243","99.25276","0.4514941246"
"188","Ethiopia","19","2015","","39.656124145","52","1518.4748714501","0.5230000019","100.97149","0.4465595171"
"189","Ethiopia","19","2016","","34.8990528009","52","1617.3226687075","0.5350000262","","0.4465595171"
"190","Gabon","20","1990","0","76.8974453906","","19556.6658397948","","",""
"191","Gabon","20","2000","0","101.7019289396","","17822.4922378501","1.118999958","","0.3175937641"
"192","Gabon","20","2005","0","83.9495998399","58","16955.3457342617","1.69599998","","0.3098353196"
"193","Gabon","20","2010","0","89.1576627248","37","15507.7275528356","2.5499999523","","0.3038473272"
"194","Gabon","20","2011","0","90.4983773331","37","16011.1245045144","2.5320000648","","0.3028817215"
"195","Gabon","20","2012","0","92.3428089421","102","16225.3875240525","2.5130000114","","0.3017090766"
"196","Gabon","20","2013","0","90.6350361479","102","16504.613134815","2.4949998856","","0.3007434709"
"197","Gabon","20","2014","","73.5203290162","102","16606.9190226429","2.4760000706","","0.2997778653"
"198","Gabon","20","2015","","73.9497814588","72","16685.2323042237","2.4570000172","","0.2998474563"
"199","Gabon","20","2016","","70.1333810645","72","16523.5857795859","2.4370000362","","0.2998474563"
"200","Gambia","21","1990","0","131.4854153418","","2448.4931983929","","58.64826",""
"201","Gambia","21","2000","0","56.3598198851","","2454.1753671737","1.4440000057","80.24207","0.2948393001"
"202","Gambia","21","2005","0","50.0187233951","73","2395.4789890016","1.4420000315","79.64805","0.2868889896"
"203","Gambia","21","2010","0","41.0125150279","73","2536.571515919","1.4509999752","79.78491","0.2794355734"
"204","Gambia","21","2011","0","42.6397020469","73","2261.0490170476","1.4470000267","77.9264","0.2779448902"
"205","Gambia","21","2012","0","47.7006731142","73","2308.5342199014","1.4670000076","81.20061","0.276454207"
"206","Gambia","21","2013","","46.1086568056","73","2303.8630545214","1.4650000334","82.98383","0.276454207"
"207","Gambia","21","2014","","52.7080204302","73","2203.7336836449","1.4739999771","86.74099","0.2762057598"
"208","Gambia","21","2015","","48.9134188036","73","2225.2010520991","1.4900000095","90.04513","0.2762057598"
"209","Gambia","21","2016","","48.0898108255","73","2201.6528880187","1.4869999886","92.02221","0.2762057598"
"210","Ghana","22","1990","0","42.7281781308","","1900.7583752246","","71.38048",""
"211","Ghana","22","2000","0","116.048430163","","2219.2115110036","4.9210000038","82.87209","0.2566772465"
"212","Ghana","22","2005","0","98.1715141146","168","2507.5934602932","5.0229997635","86.54676","0.2432196896"
"213","Ghana","22","2010","0","75.3778157917","33","3026.3552331941","5.0910000801","","0.23059029"
"214","Ghana","22","2011","0","86.295453855","33","3368.8008373384","5.3249998093","102.97081","0.2281058179"
"215","Ghana","22","2012","0","93.1680351287","33","3595.641183992","5.3940000534","106.68791","0.2258283852"
"216","Ghana","22","2013","","61.68721737","33","3769.9396725734","5.4520001411","106.1008","0.2235509525"
"217","Ghana","22","2014","","65.1705490838","33","3791.2802509819","5.5240001678","104.58745","0.2212735198"
"218","Ghana","22","2015","","75.5863939908","33","3786.9609658024","5.5409998894","108.33789","0.2189960871"
"219","Ghana","22","2016","","69.3576702284","33","3830.497662285","5.5120000839","106.72797","0.2189960871"
"220","Guinea","23","1990","0","64.5170190173","","1342.9882401622","","31.81171",""
"221","Guinea","23","2000","0","53.4817190114","","1518.7559277579","1.8739999533","58.21964","0.3458042314"
"222","Guinea","23","2005","0","69.8967259161","59","1598.4160311106","1.932000041","78.10018","0.3360545144"
"223","Guinea","23","2010","0","73.5465665597","59","1666.485283075","1.9819999933","84.24968","0.3265978482"
"224","Guinea","23","2011","0","85.9546731151","59","1721.4513585185","1.9980000257","87.28553","0.3246236312"
"225","Guinea","23","2012","0","86.6743242389","59","1783.6449844727","2.0090000629","89.20853","0.3226494142"
"226","Guinea","23","2013","0","80.4264444384","59","1813.0396253409","2.006000042","91.14469","0.3208822366"
"227","Guinea","23","2014","0","76.7719635295","44","1836.5323176651","2.0199999809","92.76374","0.3189080196"
"228","Guinea","23","2015","0","72.4427253803","44","1859.9091643684","2.0120000839","","0.3187971567"
"229","Guinea","23","2016","1","111.8394624987","44","2007.3701049521","2.0710000992","91.50917","0.3187971567"
"230","Kenya","24","1990","0","57.0209136817","","2348.0946235122","","98.77615",""
"231","Kenya","24","2000","0","53.3090443862","","2097.795689494","6.2160000801","93.18746","0.5088184971"
"232","Kenya","24","2005","0","64.478866164","72","2188.9380647815","2.3320000172","99.34629","0.5057010289"
"233","Kenya","24","2010","0","54.2268646262","72","2435.833735517","0.8569999933","","0.5055376418"
"234","Kenya","24","2011","0","60.4486733202","72","2515.9274713723","0.6970000267","","0.5042230269"
"235","Kenya","24","2012","0","57.7650763157","72","2561.6101803968","0.5649999976","109.41773","0.5029084121"
"236","Kenya","24","2013","0","53.1330069609","72","2642.1012347168","0.4569999874","","0.5018008367"
"237","Kenya","24","2014","1.5","51.2983055116","72","2713.3002709584","0.3680000007","105.75341","0.5004862219"
"238","Kenya","24","2015","0","44.2113200648","61","2797.8635836081","0.2969999909","103.66157","0.5006208824"
"239","Kenya","24","2016","1","37.6471804955","61","2891.4871540142","0.2389999926","103.20534","0.5006208824"
"240","Lesotho","25","1990","0","","","1299.1807095295","","99.91447",""
"241","Lesotho","25","2000","0","","","1638.1340573376","0.4219999909","109.26045","0.2017474645"
"242","Lesotho","25","2005","0","","101","1914.4399462076","0.4289999902","127.05478","0.2019952998"
"243","Lesotho","25","2010","0","140.0826534687","101","2428.2494821421","0.4300000072","124.74677","0.2029077687"
"244","Lesotho","25","2011","0","138.3882382755","101","2578.6396338747","0.4329999983","123.09523","0.202884651"
"245","Lesotho","25","2012","0","138.9975187105","101","2715.5946061463","0.4309999943","121.28925","0.2028615333"
"246","Lesotho","25","2013","","124.5825236251","43","2755.6334461907","0.4289999902","117.20394","0.2028384156"
"247","Lesotho","25","2014","","117.9111986493","43","2812.5835025572","0.4339999855","116.58582","0.202815298"
"248","Lesotho","25","2015","","121.9490563542","43","2867.1488535425","0.4379999936","116.63452","0.2027921803"
"249","Lesotho","25","2016","","124.5370340333","43","2936.6384070616","0.4390000105","117.69527","0.2027921803"
"250","Liberia","26","1990","0","","","","","",""
"251","Liberia","26","2000","0","70.3133867277","","1317.8713032834","1.8839999437","116.3043","0.4095727848"
"252","Liberia","26","2005","0","270.3636143309","","940.163230617","1.9789999723","","0.4008516691"
"253","Liberia","26","2010","0","111.7737937938","50","1101.4841908155","2.0169999599","","0.3923712155"
"254","Liberia","26","2011","0","116.2676396998","50","1154.4093703929","1.9329999685","105.12114","0.3905388255"
"255","Liberia","26","2012","0","122.1665086365","50","1211.0546197331","1.8470000029","","0.3887064356"
"256","Liberia","26","2013","","130.9930551027","44","1281.5496524534","1.7619999647","","0.3868740457"
"257","Liberia","26","2014","","136.9687054707","44","1257.6254408812","1.6720000505","97.42249","0.3850416558"
"258","Liberia","26","2015","","126.0176896443","44","1225.9263046956","1.5950000286","95.33271","0.3832092658"
"259","Liberia","26","2016","","121.6764404212","44","1176.1880450744","1.5080000162","89.47021","0.3832092658"
"260","Libya","27","1990","0","70.7978008552","","","","",""
"261","Libya","27","2000","0","45.2810937659","","21912.7963120459","1.1430000067","","0.3901981322"
"262","Libya","27","2005","0","90.8608896855","","26017.8847514014","1.1619999409","102.09305","0.3904276263"
"263","Libya","27","2010","0","107.7024587481","","29493.8573886583","1.17900002","","0.3905343587"
"264","Libya","27","2011","0","99.6209891947","","11096.1563633459","1.1069999933","","0.3905339677"
"265","Libya","27","2012","0","114.3688286544","","24609.004823378","1.1519999504","","0.3905335767"
"266","Libya","27","2013","","135.2617046819","","21145.7528009344","1.1339999437","","0.3905331858"
"267","Libya","27","2014","","138.8976122254","","15965.4917465213","1.1130000353","","0.3905327948"
"268","Libya","27","2015","","114.2459221493","","14423.0386965157","1.1080000401","","0.3905324039"
"269","Libya","27","2016","","70.2142634294","","13860.3700053907","1.1069999933","","0.3905324039"
"270","Madagascar","28","1990","0","44.6293376209","","1928.0122835143","","92.84109",""
"271","Madagascar","28","2000","0","68.6844353318","","1684.1130497687","1.5069999695","101.4852","0.48216366"
"272","Madagascar","28","2005","0","73.7651821257","137","1620.5186478589","2.1340000629","138.89947","0.4739429578"
"273","Madagascar","28","2010","2","57.8748945099","100","1616.1042194468","2.1700000763","143.71805","0.4641578776"
"274","Madagascar","28","2011","0","56.4830925964","100","1596.8940897785","2.5099999905","143.4119","0.4623084418"
"275","Madagascar","28","2012","0","52.6517140807","100","1600.6149515464","2.8989999294","143.97814","0.460459006"
"276","Madagascar","28","2013","0","56.3675817911","100","1593.6053111155","3.1900000572","143.89445","0.4584025308"
"277","Madagascar","28","2014","0","61.969432212","100","1602.9338494235","3.506000042","145.24786","0.456553095"
"278","Madagascar","28","2015","0","61.2203788356","100","1609.1979667407","3.8459999561","147.3142","0.4547036591"
"279","Madagascar","28","2016","0","60.8346984847","100","1629.0692951963","3.8369998932","143.82419","0.4547036591"
"280","Malawi","29","1990","0","57.2028417297","","746.8126312589","","74.97911",""
"281","Malawi","29","2000","0","60.9386354964","","883.6214259957","1.1349999905","139.63975","0.3474055983"
"282","Malawi","29","2005","0","57.4479843784","88","867.7200400921","1.1349999905","130.48244","0.3286013368"
"283","Malawi","29","2010","0","57.6475200499","49","1077.5422440321","1.131000042","138.75146","0.3095707245"
"284","Malawi","29","2011","0","48.7878597845","69","1097.9421351418","1.1269999743","140.6202","0.3056388068"
"285","Malawi","29","2012","0","67.8815961229","69","1087.121206805","1.1260000467","141.43549","0.3019139285"
"286","Malawi","29","2013","","78.2691065523","69","1111.6462735212","1.1299999952","146.91495","0.2981890501"
"287","Malawi","29","2014","","73.3266118607","69","1142.5308037112","1.1330000162","147.39579","0.2942571324"
"288","Malawi","29","2015","","64.9112746043","69","1142.5542829827","1.1319999695","146.39682","0.290532254"
"289","Malawi","29","2016","","77.9077147874","69","1139.6306502056","1.1330000162","144.53295","0.290532254"
"290","Mali","30","1990","0","46.5841612439","","1274.0931125965","","27.26087",""
"291","Mali","30","2000","0","55.4225754323","","1465.7590202117","0.8130000234","57.85435","0.4868438955"
"292","Mali","30","2005","0","54.1253257763","44","1763.8977850783","0.8500000238","73.93555","0.4711131554"
"293","Mali","30","2010","0","57.9852972401","29","1875.18554002","0.8769999743","83.42733","0.4567822256"
"294","Mali","30","2011","0","53.9135577829","29","1877.8928280532","0.875","84.19555","0.4532075504"
"295","Mali","30","2012","0","58.6706074908","29","1808.0116677993","0.8759999871","80.90805","0.4496328751"
"296","Mali","30","2013","","64.8386975335","29","1796.7718215682","0.8809999824","76.06293","0.4458511606"
"297","Mali","30","2014","","60.6387006753","29","1868.313532798","0.8909999728","77.07611","0.4422764853"
"298","Mali","30","2015","","63.6396332412","29","1922.4339996067","0.8930000067","75.68318","0.4387018101"
"299","Mali","30","2016","","63.7896509634","29","1974.3109904019","0.8949999809","77.17026","0.4387018101"
"300","Mauritania","31","1990","0","106.3735873646","","2800.9309206782","","46.14144",""
"301","Mauritania","31","2000","0","75.264622536","","2833.9343774219","2.4600000381","82.98939","0.4736037815"
"302","Mauritania","31","2005","0","113.2047887013","49","3090.8604331571","2.5420000553","93.68157","0.4562927076"
"303","Mauritania","31","2010","0","111.9202065143","49","3426.472505055","2.6300001144","99.67792","0.4445662579"
"304","Mauritania","31","2011","0","118.6199257343","49","3483.5221010031","2.6879999638","98.21159","0.4421560684"
"305","Mauritania","31","2012","0","132.4938857185","49","3578.1049181762","2.6640000343","98.89455","0.4397458789"
"306","Mauritania","31","2013","","121.8671865417","49","3685.7047955394","2.6819999218","99.02223","0.4373356895"
"307","Mauritania","31","2014","","104.9241930526","49","3779.1011551619","2.6210000515","100.40212","0.4374099721"
"308","Mauritania","31","2015","","109.3991442907","49","3687.271952957","2.5680000782","104.51103","0.4374842547"
"309","Mauritania","31","2016","","101.4003313182","49","3649.5148013371","2.5869998932","96.83442","0.4374842547"
"310","Mauritius","32","1990","0","137.1120689655","","7580.7752264966","","111.77857",""
"311","Mauritius","32","2000","0","122.3126024423","","11282.2507741412","2.1740000248","104.56011","0.3041449724"
"312","Mauritius","32","2005","0","123.2460994201","210","12877.482961175","2.6150000095","103.22554","0.314231459"
"313","Mauritius","32","2010","0","113.4570735525","25","15938.4192089782","4.0859999657","102.78602","0.3138044684"
"314","Mauritius","32","2011","0","117.5389463688","21","16561.7709831855","4.0190000534","102.98938","0.3135641845"
"315","Mauritius","32","2012","0","119.5001197796","14","17093.3209320904","3.6670000553","102.99839","0.3135723478"
"316","Mauritius","32","2013","","109.9697365983","14","17628.8293745855","3.6889998913","101.95505","0.3133320638"
"317","Mauritius","32","2014","","108.138763767","14","18255.8699595142","4.4520001411","102.44734","0.3133402271"
"318","Mauritius","32","2015","","105.0096000664","14","18879.4948538711","3.9460000992","102.92054","0.3133483903"
"319","Mauritius","32","2016","","97.9855784159","14","19590.609238339","4.4450001717","102.45341","0.3133483903"
"320","Morocco","33","1990","0","54.6266874206","","3923.2102093824","","67.43396",""
"321","Morocco","33","2000","3","59.1618267897","","4492.4257953612","2.1500000954","92.98183","0.3016142099"
"322","Morocco","33","2005","2","67.9148544916","78","5373.0322805564","2.4839999676","105.92903","0.2908228966"
"323","Morocco","33","2010","0","75.2476345358","76","6456.2584247503","2.7520000935","109.70624","0.2632069418"
"324","Morocco","33","2011","1.5","83.4268001663","76","6703.8768312386","2.382999897","110.74248","0.2623093634"
"325","Morocco","33","2012","1","85.1249172938","76","6809.8324335535","2.6559998989","110.71625","0.2612047456"
"326","Morocco","33","2013","2","80.0205585557","61","7018.2367150818","2.6429998875","110.30446","0.2603071672"
"327","Morocco","33","2014","1.5","81.7722741891","41","7104.5254827053","2.5380001068","109.95761","0.2600307068"
"328","Morocco","33","2015","1","77.1980363379","31","7324.9868229104","2.5599999428","109.52397","0.2599612857"
"329","Morocco","33","2016","0","80.8605951863","21","7303.9834628161","2.5750000477","110.39578","0.2599612857"
"330","Mozambique","34","1990","0","","","473.4018244262","","66.24655",""
"331","Mozambique","34","2000","0","47.1644766806","","633.4585909278","3.4030001163","76.15756","0.3718827515"
"332","Mozambique","34","2005","0","68.9152001107","50","825.3622954547","3.25","100.37162","0.3845771752"
"333","Mozambique","34","2010","0","70.7870362876","50","1031.8663062001","2.7750000954","112.53258","0.3941501382"
"334","Mozambique","34","2011","0","80.2303498035","48","1078.2086026084","2.6919999123","108.21974","0.3943453864"
"335","Mozambique","34","2012","0","101.8716444262","48","1125.0650491971","2.6059999466","106.90179","0.3945406346"
"336","Mozambique","34","2013","","103.1505044331","42","1170.5443874805","2.5190000534","107.85539","0.3949429221"
"337","Mozambique","34","2014","","111.4651746524","43","1222.4528735554","2.4489998817","107.59802","0.3965874456"
"338","Mozambique","34","2015","","93.9087089469","43","1268.17632442","2.3699998856","108.62914","0.3980249298"
"339","Mozambique","34","2016","","105.6384720083","43","1279.3955438737","2.382999897","108.64656","0.3980249298"
"340","Namibia","35","1990","0","93.89992901","","5713.1970443445","","115.39239",""
"341","Namibia","35","2000","0","87.0918942294","","6538.5399102754","4.998000145","114.46131","0.3393312828"
"342","Namibia","35","2005","0","82.3490822252","32","7701.2188287113","4.9060001373","113.30325","0.331156426"
"343","Namibia","35","2010","0","108.4134912536","32","8677.655997943","4.8099999428","115.19313","0.3234657135"
"344","Namibia","35","2011","0","103.0011589527","32","8959.5158925336","4.7870001793","","0.3221806418"
"345","Namibia","35","2012","0","103.5666845232","52","9249.6872324077","4.7630000114","118.8832","0.3206885307"
"346","Namibia","35","2013","","99.2349744071","52","9599.6496407709","3.1740000248","121.06017","0.3191964196"
"347","Namibia","35","2014","","102.1427367921","52","10030.1180351769","3.6800000668","","0.3179113478"
"348","Namibia","35","2015","","107.1350399329","52","10449.9511284424","4.0809998512","","0.3166262761"
"349","Namibia","35","2016","","103.2378668034","52","10374.0076307595","4.5149998665","","0.3166262761"
"350","Niger","36","1990","0","36.4131067764","","893.0126480164","","26.18664",""
"351","Niger","36","2000","0","43.4915651359","","754.8552116481","0.8569999933","32.35606","0.7024917402"
"352","Niger","36","2005","0","47.3954679584","36","762.8744290615","0.8669999838","48.35649","0.6921853203"
"353","Niger","36","2010","0","71.2892562042","36","812.3038741802","0.8859999776","62.70836","0.6812292031"
"354","Niger","36","2011","0","68.6890453487","36","799.2583759909","0.8859999776","66.51894","0.6789564854"
"355","Niger","36","2012","0","61.2280420099","36","859.7865908682","0.8220000267","68.39437","0.6766837677"
"356","Niger","36","2013","0","61.7162382233","36","870.4018395762","0.7440000176","69.14922","0.67441105"
"357","Niger","36","2014","0","60.2958904599","36","900.1369182153","0.6700000167","69.57597","0.6727594503"
"358","Niger","36","2015","0","59.1238605083","36","903.4200536387","0.6679999828","71.59591","0.6725571259"
"359","Niger","36","2016","0","48.7063865839","36","912.028581125","0.6669999957","73.43233","0.6725571259"
"360","Nigeria","37","1990","0","30.924740079","","3360.8087088583","","86.49156",""
"361","Nigeria","37","2000","0","48.9955994667","","3069.4364521161","3.4330000877","98.6895","0.4502224542"
"362","Nigeria","37","2005","0","33.0594600697","","4121.5034835336","3.5230000019","101.36508","0.4406967813"
"363","Nigeria","37","2010","0","43.3207568423","","5085.414012599","3.6960000992","85.11785","0.431522283"
"364","Nigeria","37","2011","0","53.2779583343","","5213.8371939697","3.7330000401","90.67124","0.4294254742"
"365","Nigeria","37","2012","0","44.5323680484","","5290.6301056219","3.7679998875","92.09114","0.4275357048"
"366","Nigeria","37","2013","0","31.0488599461","92","5494.516734461","3.8090000153","94.11853","0.4254388961"
"367","Nigeria","37","2014","0","30.8851937175","92","5687.5920439667","3.8239998817","90.10355","0.4235491267"
"368","Nigeria","37","2015","","21.4469296745","92","5685.9258394969","3.7799999714","87.414595","0.4218663966"
"369","Nigeria","37","2016","","20.7225188807","92","5448.9128669806","3.7509999275","84.72564","0.4218663966"
"370","Sao Tome and Principe","38","1990","0","","","","","128.10703",""
"371","Sao Tome and Principe","38","2000","0","","","","1.5870000124","126.868955","0.1992632731"
"372","Sao Tome and Principe","38","2005","0","","50","2201.4334863278","1.5720000267","125.63088","0.1719340806"
"373","Sao Tome and Principe","38","2010","0","","50","2559.5757640402","1.6000000238","116.59205","0.146157683"
"374","Sao Tome and Principe","38","2011","0","","50","2612.0101469872","1.5959999561","116.00737","0.1408781799"
"375","Sao Tome and Principe","38","2012","0","","52","2638.5968999527","1.5939999819","107.57975","0.1408781799"
"376","Sao Tome and Principe","38","2013","0","","52","2712.6126318552","1.5989999771","107.07504","0.1408781799"
"377","Sao Tome and Principe","38","2014","0","","52","2836.5353186257","1.6089999676","103.93214","0.1405676209"
"378","Sao Tome and Principe","38","2015","","","52","2889.5801488777","1.5980000496","105.26659","0.1405676209"
"379","Sao Tome and Principe","38","2016","","","52","2953.9338155459","1.6050000191","106.18854","0.1405676209"
"380","Senegal","39","1990","0","57.5961436767","","2323.3458498044","","54.65079",""
"381","Senegal","39","2000","1","65.1419069338","","2417.8253958061","0.6809999943","69.26343","0.4464767271"
"382","Senegal","39","2005","0","69.4415856443","145","2682.4433038072","0.7289999723","79.9345","0.4389355147"
"383","Senegal","39","2010","0","51.9293428005","122","2775.7019135999","0.7810000181","84.03488","0.4313872651"
"384","Senegal","39","2011","0","57.0963854318","122","2739.3356552046","0.7940000296","86.98813","0.4297436175"
"385","Senegal","39","2012","0","61.2581687344","122","2800.4115966648","0.8069999814","86.80446","0.4283070093"
"386","Senegal","39","2013","0","60.2451290806","122","2799.9624198601","0.8149999976","84.59473","0.426870401"
"387","Senegal","39","2014","0","58.441943734","71","2902.5073324439","0.8299999833","85.5735","0.4252267535"
"388","Senegal","39","2015","","58.1099469963","71","3001.8191071633","0.8439999819","84.93398","0.4237901452"
"389","Senegal","39","2016","","54.1078043852","71","3104.2444834846","0.8460000157","84.45544","0.4237901452"
"390","Seychelles","40","1990","0","65.8473895582","","14216.5298976404","","",""
"391","Seychelles","40","2000","0","157.3776705661","","18453.1097708874","","105.58189",""
"392","Seychelles","40","2005","0","178.3084397343","33","17812.2799483131","","109.12971",""
"393","Seychelles","40","2010","0","201.8806040154","33","20365.1189331513","","110.43179",""
"394","Seychelles","40","2011","0","207.1570635041","33","22556.5825709346","","110.46881",""
"395","Seychelles","40","2012","0","216.4831818113","33","22618.0123889571","","109.26786",""
"396","Seychelles","40","2013","","182.8109055491","33","23540.380506005","","106.84223",""
"397","Seychelles","40","2014","","187.2571476037","33","24221.1443467475","","105.55822",""
"398","Seychelles","40","2015","","167.2081408382","33","24856.5597944914","","104.37311",""
"399","Seychelles","40","2016","","173.5777060264","33","25630.7102400461","","101.90067",""
"400","Sierra Leone","41","1990","0","68.6906673714","","1248.3993040129","","47.64499",""
"401","Sierra Leone","41","2000","0","57.5299628959","","908.7062055788","2.5450000763","59.55328","0.4158819939"
"402","Sierra Leone","41","2005","0","46.8728413948","236","1063.9084644914","2.5659999847","","0.4057064323"
"403","Sierra Leone","41","2010","0","51.2775529959","86","1208.0487206331","2.5710000992","","0.395319449"
"404","Sierra Leone","41","2011","0","80.7169470499","86","1255.4530381486","2.5780000687","113.78105","0.3930601568"
"405","Sierra Leone","41","2012","0","93.2741188545","67","1413.8813399336","2.6500000954","116.58758","0.3910079041"
"406","Sierra Leone","41","2013","","87.4528009894","67","1669.1312779083","2.7160000801","118.2061","0.3887486119"
"407","Sierra Leone","41","2014","","83.1857952601","56","1707.0973347288","2.6449999809","","0.3866963591"
"408","Sierra Leone","41","2015","","66.8026117984","56","1326.2055044564","2.5260000229","116.09913","0.3846441064"
"409","Sierra Leone","41","2016","","79.4160025694","56","1376.3974736749","2.6059999466","118.24678","0.3846441064"
"410","Somalia","42","1990","0","47.5281520076","","","","",""
"411","Somalia","42","2000","0","","","","1.0750000477","","0.5591586795"
"412","Somalia","42","2005","0","","","","1.0729999542","","0.5491541334"
"413","Somalia","42","2010","0","","","","1.0789999962","","0.5429429532"
"414","Somalia","42","2011","0","","","","1.0859999657","","0.5423218352"
"415","Somalia","42","2012","0","","","","1.0889999866","","0.5423218352"
"416","Somalia","42","2013","","115.7011167766","","","1.0930000544","","0.5423218352"
"417","Somalia","42","2014","","122.334072226","","","1.0970000029","","0.5423218352"
"418","Somalia","42","2015","","124.1143892836","188","","1.0989999771","","0.5423218352"
"419","Somalia","42","2016","","125.3156553823","188","","1.1009999514","","0.5423218352"
"420","South Africa","43","1990","0","41.6826381154","","9900.2152327876","","104.80574",""
"421","South Africa","43","2000","0","51.4377739548","","9700.6166252229","7.5809998512","101.48921","0.2977555429"
"422","South Africa","43","2005","7.5","53.1491153903","23","10994.8782990321","7.8410000801","105.94827","0.2991707034"
"423","South Africa","43","2010","0","55.9889858084","23","11973.1504778322","5.5489997864","104.72938","0.3008005524"
"424","South Africa","43","2011","3","60.1126299036","23","12179.1741881803","5.5479998589","103.41839","0.3008005627"
"425","South Africa","43","2012","4","60.899699435","23","12253.2173642834","5.3280000687","103.2292","0.3010076124"
"426","South Africa","43","2013","2.83","64.2417598187","23","12357.6986867129","5.3359999657","102.6704","0.3012146621"
"427","South Africa","43","2014","1","64.4345011131","23","12388.2566577708","5.3029999733","102.70496","0.3004498404"
"428","South Africa","43","2015","3","61.6170734767","23","12345.9288035405","5.1599998474","105.57039","0.2996850187"
"429","South Africa","43","2016","10.33","60.6381880497","23","12214.9547703948","5.5300002098","103.18496","0.2996850187"
"430","Sudan","44","1990","0","11.0874555357","","1762.2034317727","","",""
"431","Sudan","44","2000","0","29.4042344599","","2319.2279801992","4.9279999733","","0.6771320953"
"432","Sudan","44","2005","0","47.5800213062","11","2750.6274441315","5.2179999352","63.33872","0.6843784721"
"433","Sudan","44","2010","0","36.9756093606","11","3396.6430959086","5.4260001183","71.72598","0.6918318882"
"434","Sudan","44","2011","0","33.1116717382","11","3643.0921609187","5.4060001373","69.47705","0.6907966916"
"435","Sudan","44","2012","0","24.7210007849","11","4074.0225012386","5.3179998398","70.88316","0.6909346753"
"436","Sudan","44","2013","0","23.7285080365","11","4152.2494752566","5.4400000572","72.01494","0.6912796984"
"437","Sudan","44","2014","0","19.458834255","11","4161.8950623838","5.4990000725","72.26756","0.6916247214"
"438","Sudan","44","2015","0","19.1008041103","11","4262.2336222617","5.5130000114","73.14597","0.6919697445"
"439","Sudan","44","2016","0","22.3559290339","11","4356.7841310534","5.5409998894","75.90737","0.6919697445"
"440","Tanzania","45","1990","0","50.0757801017","","1545.5218826347","","70.55308",""
"441","Tanzania","45","2000","0","23.9808676992","","1564.6510114589","1.6330000162","68.84672","0.330585242"
"442","Tanzania","45","2005","0","36.9592732889","73","1909.0898372521","1.6690000296","105.41054","0.3454461789"
"443","Tanzania","45","2010","0","47.6404394303","73","2227.9624559351","2.1259999275","102.84167","0.3587983463"
"444","Tanzania","45","2011","0","56.1661241826","73","2329.3304365704","2.2679998875","97.20787","0.3601004164"
"445","Tanzania","45","2012","0","54.3695880099","67","2362.93231835","2.381000042","94.17554","0.3614024864"
"446","Tanzania","45","2013","","48.6306153507","67","2448.8959943044","2.5179998875","90.04184","0.3629115958"
"447","Tanzania","45","2014","","45.3560221042","67","2536.6000883156","2.6530001163","86.7885","0.3642136659"
"448","Tanzania","45","2015","","40.7576802266","67","2613.3571913155","2.6789999008","84.67947","0.3655157359"
"449","Tanzania","45","2016","","35.4204700249","67","2710.4097979138","2.7060000896","85.29786","0.3655157359"
"450","Togo","46","1990","0","78.809150226","","1298.4794575985","","92.66586",""
"451","Togo","46","2000","0","71.3047860749","","1235.464828623","1.5449999571","115.98607","0.3695936837"
"452","Togo","46","2005","0","91.5401451039","295","1145.9121312479","1.5349999666","114.62911","0.3648331388"
"453","Togo","46","2010","0","90.2726554811","295","1241.9206690277","1.6469999552","127.33743","0.359861475"
"454","Togo","46","2011","0","93.0070554406","295","1286.4704966097","1.6829999685","124.70912","0.3585646744"
"455","Togo","46","2012","0","106.9861474497","295","1334.6607667131","1.7100000381","127.21418","0.3574749132"
"456","Togo","46","2013","","118.1023456006","295","1379.3989938864","1.743999958","127.43318","0.3561781126"
"457","Togo","46","2014","","97.4595039413","295","1423.5530015853","1.7719999552","123.94583","0.3550883514"
"458","Togo","46","2015","","93.6597840339","288","1467.2449413841","1.7760000229","128.044","0.3537915508"
"459","Togo","46","2016","","88.6679962347","283","1510.2871318932","1.7910000086","125.10715","0.3537915508"
"460","Tunisia","47","1990","0","94.1612655676","","5608.3312477775","","114.07641",""
"461","Tunisia","47","2000","0","82.4559257712","","7566.788537396","3.9140000343","114.62425","0.3622409398"
"462","Tunisia","47","2005","0.33","90.2512478804","48","8799.2074223392","5.236000061","111.59859","0.3630331521"
"463","Tunisia","47","2010","1","104.1486333251","40","10440.9649532548","6.7430000305","107.19214","0.3673508943"
"464","Tunisia","47","2011","1","104.5290748339","40","10139.1314565661","5.8359999657","107.79875","0.3683800742"
"465","Tunisia","47","2012","0","106.5310769476","40","10442.2709081703","6.9149999619","109.89745","0.3671339285"
"466","Tunisia","47","2013","0","103.449904916","40","10638.6272159585","7.123000145","111.39011","0.3663956922"
"467","Tunisia","47","2014","0","100.8261877144","40","10845.5740418812","7.118999958","113.33362","0.3656574559"
"468","Tunisia","47","2015","0","92.2331209093","40","10860.5198108706","7.1050000191","114.55494","0.3657473769"
"469","Tunisia","47","2016","0","92.0111011993","40","10876.9999907808","7.1020002365","114.92017","0.3657473769"
"470","Uganda","48","1990","0","26.6095437606","","773.1996783114","","70.99821",""
"471","Uganda","48","2000","0","32.7490333384","","1067.0499986599","0.3050000072","131.48731","0.3300058314"
"472","Uganda","48","2005","0","38.9942854849","66","1260.6570491106","0.5210000277","122.93119","0.3329367816"
"473","Uganda","48","2010","0","45.7198216473","66","1585.3751757531","1.9709999561","121.98231","0.3352537531"
"474","Uganda","48","2011","0","52.936442188","40","1679.9378553668","2.5710000992","114.31664","0.3329069673"
"475","Uganda","48","2012","0","53.3384910301","51","1689.777244478","3.3020000458","113.9004","0.3307672209"
"476","Uganda","48","2013","","50.8965330835","46","1694.678100142","3.2880001068","112.04893","0.3286274744"
"477","Uganda","48","2014","","46.3165281967","42","1722.4913769415","3.2599999905","","0.3266947673"
"478","Uganda","48","2015","","47.6644212961","42","1749.6023494091","3.243999958","102.6484","0.3276606109"
"479","Uganda","48","2016","","47.1145215973","42","1767.4968995512","3.2170000076","104.00066","0.3276606109"
"480","Zambia","49","1990","0","","","2339.1379586878","","91.54388",""
"481","Zambia","49","2000","0","60.3874689885","","2126.2576408402","0.400000006","79.03787","0.2553665064"
"482","Zambia","49","2005","0","62.2002821914","73","2523.603443844","1.0099999905","112.09461","0.2464832009"
"483","Zambia","49","2010","0","67.9009297862","45","3338.0971859262","0.2960000038","106.97877","0.237994588"
"484","Zambia","49","2011","0","76.2128340605","45","3419.0104599035","0.2890000045","108.06851","0.2363382733"
"485","Zambia","49","2012","0","79.0997421414","45","3566.3825213121","0.2800000012","108.12965","0.2346819586"
"486","Zambia","49","2013","","84.5972887158","45","3631.0038583767","0.2840000093","102.71367","0.2330256439"
"487","Zambia","49","2014","","80.0635608947","45","3684.6855066715","0.2870000005","104.33199","0.2313693292"
"488","Zambia","49","2015","","79.8651551332","45","3677.7350188522","0.2890000045","101.46048","0.2297130145"
"489","Zambia","49","2016","","73.9585743505","45","3703.012865553","0.2930000126","98.60698","0.2297130145"
"490","Zimbabwe","50","1990","0","45.6592519741","","2819.5494674914","","98.95223",""
"491","Zimbabwe","50","2000","0","74.0674111298","","2945.9932117001","0.4099999964","105.88432","0.3021757237"
"492","Zimbabwe","50","2005","0","76.0437072796","30","1974.6450814142","0.4959999919","","0.2989678689"
"493","Zimbabwe","50","2010","0","83.1241904352","30","1928.0170807351","0.4930000007","","0.2978644956"
"494","Zimbabwe","50","2011","0","89.466526768","31","2168.1102933604","0.4909999967","","0.2982785743"
"495","Zimbabwe","50","2012","0","74.1625347237","36","2486.8479302639","0.4880000055","112.51679","0.298692653"
"496","Zimbabwe","50","2013","0","58.6564939956","36","2491.6351398528","0.4799999893","109.89279","0.2991067317"
"497","Zimbabwe","50","2014","0","54.6716154208","36","2506.4902199401","0.4790000021","","0.2995208103"
"498","Zimbabwe","50","2015","0","56.7488111052","36","2509.008140247","0.476000011","","0.299934889"
"499","Zimbabwe","50","2016","0","51.2190246437","36","2489.0974935229","0.47299999","","0.299934889"